customer_id,age,income,segment,uses_mobile,visits,subscribed
C001,24,38000,basic,true,2,no
C002,51,92000,premium,false,8,yes
C003,34,61000,standard,true,5,yes
C004,29,,basic,true,3,no
C005,62,110000,premium,false,9,yes
C006,45,76000,standard,true,6,yes
C007,21,32000,basic,true,1,no
C008,39,68000,,false,4,no
C009,56,98000,premium,true,10,yes
C010,31,54000,standard,false,3,no
C011,48,83000,premium,true,7,yes
C012,27,45000,basic,false,2,no
C013,43,,standard,true,6,yes
C014,66,118000,premium,false,11,yes
C015,36,59000,standard,true,4,no
C016,23,35000,basic,true,2,no
C017,52,89000,premium,true,8,yes
C018,41,72000,standard,false,5,yes
C019,30,50000,,true,3,no
C020,58,103000,premium,false,9,yes
C021,26,41000,basic,true,2,no
C022,47,79000,standard,true,7,yes
C023,33,57000,standard,false,4,no
C024,64,115000,premium,true,10,yes
C025,28,,basic,false,3,no
C026,50,87000,premium,true,8,yes
C027,38,65000,standard,true,5,no
C028,22,34000,basic,false,1,no
C029,55,96000,premium,true,9,yes
C030,44,74000,standard,false,6,yes
