property_id,square_feet,bedrooms,bathrooms,neighborhood,property_type,parking,age_years,monthly_rent
P001,650,1,1.0,Downtown,Apartment,no,18,1850.0
P002,820,2,1.0,Riverside,Apartment,yes,12,2200.0
P003,1200,3,2.0,Hillview,House,yes,25,2850.0
P004,540,1,1.0,Downtown,Studio,no,8,1725.0
P005,980,2,1.5,Riverside,Townhouse,yes,15,2475.0
P006,1450,3,2.5,Hillview,House,yes,5,3350.0
P007,760,2,1.0,Midtown,Apartment,no,30,2050.0
P008,,2,1.5,Midtown,Apartment,yes,10,2325.0
P009,1100,3,2.0,Riverside,Townhouse,yes,20,2750.0
P010,500,1,1.0,Downtown,Studio,no,4,1680.0
P011,1320,3,2.0,Hillview,House,yes,,3100.0
P012,890,2,1.0,Midtown,Apartment,no,22,2180.0
P013,1550,4,3.0,Hillview,House,yes,7,3700.0
P014,700,1,1.0,Riverside,Apartment,yes,16,1980.0
P015,1020,2,2.0,,Townhouse,yes,11,2590.0
P016,580,1,1.0,Downtown,Studio,no,35,1600.0
P017,1250,3,2.0,Midtown,House,yes,14,2960.0
P018,930,2,1.5,Riverside,Townhouse,no,9,2410.0
P019,1680,4,3.0,Hillview,House,yes,3,3980.0
P020,810,2,1.0,Downtown,Apartment,,19,2240.0
P021,1150,3,2.0,Riverside,House,yes,28,2700.0
P022,620,1,1.0,Midtown,Apartment,no,6,1810.0
P023,1380,3,2.5,Hillview,Townhouse,yes,13,3260.0
P024,970,2,1.5,Downtown,Apartment,yes,17,2520.0
